has_awards,count,mean
no_awards,132,6.250757575757576
has_awards,354,6.704237288135594
