,imdbRating_clean,runtime_minutes,imdbVotes_clean,Metascore_clean,Year_clean,imdb_score,imdb_votes
imdbRating_clean,1.0,0.16346343218378667,0.29200703509636,0.7139262157177052,-0.1922825135969425,0.9746784263716187,0.291676332369068
runtime_minutes,0.16346343218378667,1.0,0.08969219453395035,0.3010862084785567,-0.1572719831368485,0.14951841927903942,0.0901465667733112
imdbVotes_clean,0.29200703509636,0.08969219453395035,1.0,0.3174396304198475,-0.06498420710958917,0.28974471820235737,0.9982016516918326
Metascore_clean,0.7139262157177052,0.3010862084785567,0.3174396304198475,1.0,-0.22410073434355016,0.7138922375648572,0.31848594903455046
Year_clean,-0.1922825135969425,-0.1572719831368485,-0.06498420710958917,-0.22410073434355016,1.0,-0.1771456334307096,-0.05631526693077528
imdb_score,0.9746784263716187,0.14951841927903942,0.28974471820235737,0.7138922375648572,-0.1771456334307096,1.0,0.2915490176773854
imdb_votes,0.291676332369068,0.0901465667733112,0.9982016516918326,0.31848594903455046,-0.05631526693077528,0.2915490176773854,1.0
