decade,count,mean
1950,6,7.1000000000000005
1960,9,7.199999999999999
1970,16,7.09375
1980,43,6.790697674418604
1990,98,6.54795918367347
2000,197,6.682741116751269
2010,76,6.344736842105263
2020,41,5.978048780487804
